asin,title,brand,primary_category,price_num,n_reviews,avg_rating
B00PY4Q9OS,Guardians of the Galaxy,Unknown,Movies,,7082,4.6236
B00R8GUXPG,Guardians of the Galaxy [Blu-ray],Unknown,Blu-ray,,7079,4.6234
B00Q0G2VXM,Guardians Of The Galaxy Region Free,Chris Pratt,Walt Disney Studios Home Entertainment,14.22,7074,4.6234
B00YSG2ZPA,Band of Brothers(Elite SC/BD+DCExp12-21),Various,HBO,25.16,5746,4.8855
B00006CXSS,Band Of Brothers (DVD),Damian Lewis,HBO,,5710,4.8856
B009934S5M,Star Trek Into Darkness,Simon Pegg,Blu-ray,11.65,5471,4.3954
B017S3OP7A,The Martian,Matt Damon,Studio Specials,7.5,4500,4.488
B00FL31UF0,The Hunger Games: Catching Fire 2013,Unknown,Studio Specials,5.98,4169,4.3785
B00OV3VGP0,John Wick,David Leitch,Studio Specials,7.99,4095,4.336
B00AQVMZKQ,Downton Abbey - Series 4,Maggie Smith,Blu-ray,17.74,4054,4.8004
B00AS1Q8FW,Jack Reacher Combo,Unknown,Blu-ray,9.49,3981,4.0952
B01BHTSIOC,Doctor Thorne - Season 1 2015,Unknown,Genre for Featured Categories,14.88,3871,4.3353
B00NYC65M8,Jurassic World,Chris Pratt,Studio Specials,16.84,3850,4.2299
6305837325,Moodtapes: Pacific Surf,Unknown,Genre for Featured Categories,,3685,4.5503
B00S1ITA2W,Kingsman: The Secret Service,Unknown,Studio Specials,16.99,3679,3.9176
B0063FQREO,The Hunger Games (2 Disc) [Region 2] [UK Import],Unknown,Movies,5.98,3599,4.3012
B000WGWQG8,John Adams,Paul Giamatti,HBO,38.66,3532,4.6268
B00V950K3C,Lucy,Unknown,Studio Specials,23.51,3465,3.8095
B00M25EALG,Lucy,Scarlett Johansson,Studio Specials,9.99,3457,3.8085
B006X040NY,Skyfall,Daniel Craig,Blu-ray,,3430,4.2638
B0095HHLMO,The Hobbit: The Battle of the Five Armies [DVD] [2015],Unknown,Science Fiction & Fantasy,17.99,3415,4.4237
B00XRZU2E4,Hobbit 3: The Battle of the Five Armies,Sean Austin,Studio Specials,,3412,4.4238
B0059XTU1S,The Hobbit: An Unexpected Journey,Martin Freeman,Studio Specials,,3405,4.4044
B00SB9Y6KW,American Sniper 2014,Unknown,Studio Specials,7.32,3375,4.5816
B00NAQ3EOK,"The Captive Ryan Reynolds, Scott Speedman, Rosario Dawson (DVD)",Unknown,Movies,,3293,3.403
B00OGL6S64,The white queen&Acirc;&nbsp;Stagione&Acirc;&nbsp;01The white queen&Acirc;&nbsp;Stagione&Acirc;&nbsp;01 [4 DVDs] [IT Import],Unknown,Movies,14.18,3283,4.4514
B00DY64A3U,Gravity 2013  Region Free,George Clooney,Studio Specials,12.0,3277,3.7397
B00YQJRYGY,Mad Max : Fury Road - Edition limit&eacute;e 3D - Coffret Voiture [Blu-ray],Unknown,Blu-ray,,3266,3.7838
B00XQ142MW,Mad Max: Fury Road,Tom Hardy,Fully Loaded DVDs,5.99,3265,3.7822
B014HDTT84,Bone Tomahawk,Kurt Russell,Genre for Featured Categories,13.17,3181,3.2942
B0059XTU3G,The Hobbit: The Desolation of Smaug,Martin Freeman,Studio Specials,,3155,4.4479
B000E372ZY,HERCULES,Unknown,A&E Home Video,13.5,2894,3.7643
B00M0GM4DS,The Equalizer,Denzel Washington,Blu-ray,10.79,2870,4.531
B005LAIHY0,Prometheus,Noomi Rapace,Studio Specials,7.28,2844,3.7753
B002HEXVUI,Avatar Steelbook  Limited UK Edition,Sam Worthington,Blu-ray,37.99,2820,4.4301
B00543R3WG,Harry Potter - Complete 8-Film Collection,Daniel Radcliffe,Studio Specials,,2814,4.4947
B0090SI3EI,Captain America: The Winter Soldier,Chris Evans,Genre for Featured Categories,19.96,2751,4.6645
B00D91GRA4,Man of Steel,Henry Cavill,Studio Specials,,2726,4.0873
B00O4ZC57I,Big Hero 6,Ryan Potter,Disney Home Video,18.44,2712,4.7353
B00M0GM4V0,Fury 2014,Unknown,Studio Specials,,2669,4.2731
B00AF6B22E,Flight Combo,Denzel Washington,Paramount Home Entertainment,10.99,2645,3.8991
B005S9EJ14,The Best Exotic Marigold Hotel,Maggie Smith,Genre for Featured Categories,7.99,2638,4.5538
B00XLX0Z62,San Andreas Bilingual,Dwayne Johnson,Movies,28.94,2622,4.0359
B001AVCFJM,Star Trek,Chris Pine,Science Fiction & Fantasy,14.99,2610,4.4437
B0002ERXC2,The Wire: Season 1,Dominic West,HBO,25.0,2582,4.2827
7799444371,Despicable Me 2 (Mandarin Chinese Edition),Pierre Coffin,Genre for Featured Categories,19.95,2569,4.696
B01DKLQMM0,Star Trek XI,Unknown,Paramount Home Entertainment,40.49,2562,4.4774
B00J2T18XS,"Teenage Mutant Ninja Turtles: The Good, The Bad, and Casey Jones",Megan Fox,Genre for Featured Categories,8.37,2467,3.8314
B00WNBABVC,"Walking Dead, The Ssn 5",Unknown,Genre for Featured Categories,29.95,2438,4.6555
B00PC1FD9U,The Imitation Game,Unknown,Movies,7.32,2406,4.5008
B000VS20M2,Blade Runner: The Final Cut,Harrison Ford,Science Fiction & Fantasy,14.05,2371,4.3589
0790729628,Blade Runner,Harrison Ford,Science Fiction & Fantasy,24.95,2367,4.3616
B0001VL0KC,The Lord Of The Rings: Trilogy,Elijah Wood,Studio Specials,,2339,4.0291
B00GQQ77IU,Divergent,Shailene Woodley,Studio Specials,8.0,2324,4.2018
B01CDT609K,Remember,Christopher Plummer,Art House & International,17.72,2295,4.3259
B00GLPCKX8,Thor: The Dark World (Blu-ray),Chris Hemsworth,Blu-ray,,2287,4.4097
B01A71FC90,The Revenant,Unknown,Blu-ray,24.77,2278,4.1001
B00A6UHC0U,Pacific Rim,Idris Elba,Blu-ray,,2277,4.0751
B00PK7HXDU,My Old Lady,Kevin Kline,Blu-ray,11.59,2252,3.7651
B00EXPOCXY,Godzilla [DVD] [2014],Unknown,Sci-Fi Series & Sequels,5.98,2202,3.639
B001GCUO16,X-Men Origins: Wolverine,Hugh Jackman,Studio Specials,9.99,2201,4.1299
B0009ESTDW,The Melody of Oblivion: Monotone,Unknown,Genre for Featured Categories,7.99,2197,4.0346
B00005JLF2,24: Season 1,Kiefer Sutherland,Boxed Sets,15.92,2171,4.5758
B01D64VSYI,Batman v Superman: Dawn of Justice,Ben Affleck,Blu-ray,,2143,3.7336
B00G3D732Q,Lone Survivor [DVD],Unknown,Movies,9.01,2138,4.5543
B0002WYTWG,"Terminator, The",Arnold Schwarzenegger,Terminator,5.99,2051,4.5168
0793906091,Star Wars Trilogy THX Digitally Mastered Edition,George Lucas,Science Fiction & Fantasy,17.28,2048,4.1895
B00M0GMC26,Outlander - Season 1,Caitriona Balfe,Studio Specials,16.71,2025,4.6291
7799133104,Brave (Mandarin Chinese Edition),Unknown,Walt Disney Studios Home Entertainment,,2010,4.4716
B004LWZWGK,The Dark Knight Rises,Christian Bale,Studio Specials,9.4,1997,4.1733
B00AIBZMD6,Jack Ryan: Shadow Recruit,Chris Pine,Paramount Home Entertainment,8.99,1994,4.1635
B003Q6D2B4,Red,Bruce Willis,Fully Loaded DVDs,5.19,1988,4.6127
B00B18FA50,Mr Selfridge: Season 1,Unknown,Blu-ray,19.99,1987,4.4987
B00BL1BJFW,Iron Man 3 anglais,Unknown,Blu-ray,20.55,1982,4.2538
B00G7M190U,Captain Phillips Steelbook,Unknown,Blu-ray,38801.5,1970,4.5264
B01BDUS0NY,Deadpool 2016,Unknown,Studio Specials,13.45,1959,4.4155
B005LAIIJY,Django Unchained,Jamie Foxx,Genre for Featured Categories,5.0,1941,4.219
B00947NAHU,Django Unchained (2012),Unknown,Movies,14.99,1941,4.2184
B005LAIII0,Life of Pi,Suraj Sharma,Art House & International,5.5,1934,4.3775
B00003CWT6,The Lord of the Rings: The Fellowship of the Ring,Elijah Wood,Science Fiction & Fantasy,,1913,4.6006
B00IT70F3S,Avengers: Age of Ultron,Scarlett Johansson,Walt Disney Studios Home Entertainment,,1912,4.5089
B0167IE0KY,Trumbo,Bryan Cranston,Genre for Featured Categories,9.97,1908,4.4476
B00W605FDO,Walt Disney's Classic The Jungle Book Clamshell,Unknown,Walt Disney Studios Home Entertainment,44.98,1900,4.6411
B005LAIH2M,Hansel &amp; Gretel: Witch Hunters,Jeremy Renner,Paramount Home Entertainment,13.98,1894,3.9261
B00C888NFQ,Masterpiece Mystery: Endeavour Series 1,.,Independently Distributed,21.97,1888,4.7383
B005LAIIQC,The Bourne Legacy,Jeremy Renner,Fully Loaded DVDs,15.72,1887,4.0853
B008EHZWOU,The Bourne Legacy Steelbook,Jeremy Renner,Blu-ray,16.99,1884,4.0855
B0090SI4BA,Dawn of the Planet of the Apes,Andy Serkis,Studio Specials,,1883,4.2677
B00XQ2EQH2,I'll See You in My Dreams,Brett Haley,Blu-ray,10.72,1882,3.7896
B00EE6C4NW,Red 2,Bruce Willis,Blu-ray,10.99,1870,4.3829
B00ZGDIGZ2,Ant-Man,Paul Rudd,Fully Loaded DVDs,22.99,1865,4.4777
6304994540,The Big Lebowski VHS,Jeff Bridges,Genre for Featured Categories,19.5,1863,4.1471
6304994567,The Big Lebowski VHS,Jeff Bridges,Spanish Language,,1863,4.1471
B00J22YU62,Under The Skin 2014,Unknown,Movies,10.38,1862,2.5972
B009GG2T3A,Veep: Season 1,Unknown,HBO,14.7,1829,3.2783
B00BJ0RGCU,Mud,Matthew McConaughey,Blu-ray,15.31,1822,3.904
B00DJYJWVW,The Lone Ranger,Johnny Depp,Blu-ray,14.99,1820,3.8181
B00HLTDCLM,Unbroken,Jack O'Connell,Studio Specials,5.99,1811,4.2844
B00AW9M8N6,Now You See Me,Jesse Eisenberg,Blu-ray,3.16,1802,4.2736
B0055EAJ7A,Thor,Chris Hemsworth,Paramount Home Entertainment,,1799,4.4247
B005GYJPYW,Captain America : First Avenger,Chris Evans,Genre for Featured Categories,,1791,4.4729
B0009XRZ9M,The Polar Express,Nona Gaye,Science Fiction & Fantasy,17.94,1769,4.554
B00CWZUOV6,HOTEL TRANSYLVANIA(WS) HOTEL TRANSYLVANIA(WS),Adam Sandler,Studio Specials,22.0,1760,4.5886
B015HM3E8K,Bridge of Spies,Tom Hanks,Genre for Featured Categories,9.96,1758,4.5614
B00MEEVVYO,The Prince Digital,Bruce Willis,Studio Specials,9.96,1755,3.2866
B00BEIYHT2,Olympus has Fallen,Gerard Butler,Studio Specials,9.96,1742,4.2377
B00BMRTPEM,"The White Queen - Complete Series The White Queen: Series 1  NON-USA FORMAT, PAL, Reg.2 United Kingdom",Rupert Graves,Genre for Featured Categories,23.94,1727,4.4829
B005LAII4E,G.I. Joe: Retaliation,Channing Tatum,Paramount Home Entertainment,8.4,1727,3.8292
B00YRV20HY,Spy: Susan Cooper Undercover,Unknown,Blu-ray,23.97,1720,4.1552
B005QI4U0W,Harry Potter Collezione Completa (8 Blu-Ray),Unknown,Characters & Series,,1716,4.3596
B00005JKZY,The Lord of the Rings: The Return of the King,Elijah Wood,Science Fiction & Fantasy,,1711,4.6517
B00W1XYVWW,The Avengers (Avengers Assemble) Lenticular Steelbook Blu-ray 3D+2D Region Free Zavvi UK #/4000,Unknown,Blu-ray,,1705,4.6821
B01HC3880G,Independence Day Resurgence,Liam Hemsworth,Studio Specials,7.38,1703,3.4063
B00UMDF01Y,Orphan Black: Season 3,Tatiana Maslany,BBC,20.49,1700,4.6276
B00DPL32ME,FROZEN GROUND,Unknown,Blu-ray,11.8,1699,3.9606
7880879625,Kung Fu Panda (Mandarin Chinese Edition),John Stevenson,Genre for Featured Categories,,1697,4.482
B005S9ELM6,Argo,Kyle Chandler,Studio Specials,,1697,4.3082
B01H4FJR5W,The Legend of Tarzan,Alexander Skarsgrd,Blu-ray,17.99,1672,4.2536
630356027X,Secret Service VHS,Unknown,A&E Home Video,,1667,4.0996
B01D9EUNB4,Marvel's Captain America: Civil War,Chris Evans,Fully Loaded DVDs,,1666,4.3721
B00HUCF7AO,Orphan Black: Season 2,Tatiana Maslany,BBC,12.67,1663,4.6621
B006JM1ZTI,The Twilight Saga - Breaking Dawn - Pt 2 Edizione: Regno Unito italien,Kristen Stewart,Blu-ray,9.9,1652,4.4649
B013XD39BC,American Ultra Digital,Jesse Eisenberg,Studio Specials,9.96,1639,3.6065
B005LAII1C,Ted,Mark Wahlberg,Blu-ray,9.96,1638,3.6764
B00IKM5LXG,"I, Frankenstein Digital",Aaron Eckhardt,Studio Specials,7.99,1637,3.7703
B0067EKYDG,Taken 2,Liam Neeson,Studio Specials,6.37,1635,4.0367
B0083UHZK2,Taken 2,Unknown,Movies,7.57,1628,4.0338
B0032BWL10,Everybody's Fine,Robert DeNiro,Studio Specials,7.47,1624,3.8621
B00DHJT4DU,The Monuments Men [DVD],Unknown,Movies,5.98,1621,3.9432
B005LAIHSQ,Snow White &amp; the Huntsman,Kristen Stewart,Fully Loaded DVDs,7.97,1612,3.9026
B00147AJQ8,No Country For Old Men,Tommy Lee Jones,Genre for Featured Categories,6.92,1607,4.0884
B005LAII7G,Dredd,Lena Headey,Genre for Featured Categories,,1607,3.9508
B01127XNEE,Love &amp; Mercy Digital,Elizabeth Banks,Studio Specials,11.59,1595,4.0038
B00G4Q3KOC,12 Years a Slave,Chiwetel Ejiofor,Studio Specials,7.98,1590,4.2805
B00GUO3C3W,Dallas Buyers Club,Jared Leto,Blu-ray,7.3,1587,4.3875
B00LSW76MO,Dracula Untold 2014,Unknown,Movies,9.06,1585,4.2505
B00TYJDQ54,The Second Best Exotic Marigold Hotel [DVD] [2015],Unknown,Movies,7.98,1585,4.089
B00NCDVVLY,Fifty Shades of Grey,Dakota Johnson,Blu-ray,9.99,1585,3.3987
B00UJZQF5A,Best Exotic Marigold Hotel 2,Unknown,Blu-ray,34.99,1584,4.089
B00H9L28OO,Nebraska,Bruce Dern,Paramount Home Entertainment,7.1,1583,4.0739
6301966554,A Christmas Story VHS,Peter Billingsley,Studio Specials,2.64,1572,4.7233
B00HNH3HIU,How to Train Your Dragon 2,Jay Baruchel,First to Know,,1568,4.6792
B00BEIYSL4,Saving Mr. Banks,Emma Thompson,First to Know,,1566,4.4821
B00005JPY0,The Dark Knight Theatrical Release,Unknown,Movies,,1566,4.4049
B01013C5IU,Terminator Genisys,Arnold Schwarzenegger,Paramount Home Entertainment,19.98,1564,3.9514
7799120991,Up (Mandarin Chinese Edition),Bob Peterson,Walt Disney Studios Home Entertainment,15.95,1563,4.6743
B0060MYM3S,Game of Thrones: Season 2,Alfie Allen,HBO,36.99,1557,4.7046
B00HLTD8RA,Furious 7,Vin Diesel,Studio Specials,18.6,1550,4.4948
B00P1WGHLI,St. Vincent,Bill Murray,Genre for Featured Categories,8.77,1550,4.28
7799128836,Tangled (Mandarin Chinese Edition),Unknown,Genre for Featured Categories,19.95,1543,4.7498
B00Z9YZRVE,The Lord Of The Rings: The Return Of The King,Unknown,Science Fiction & Fantasy,22.8,1539,4.642
B00QUFHTMQ,Wild,Reese Witherspoon,Blu-ray,23.97,1537,3.7664
B00S6MBGY8,Wild,Tom Byron,Studio Specials,7.49,1536,3.7663
B01AUH49W2,Lord of the Rings Return of the King 2 Disc Extended DVD,Viggo Mortensen,Studio Specials,12.85,1529,4.6409
B00YI71PN2,"STAR WARS: The Complete Saga (Episodes I-VI) [Russian Import, English included by default, Region Free]",Hayden Christensen,Science Fiction & Fantasy,,1523,4.0663
B00M4LP84Q,A Most Wanted Man,Philip Seymour Hoffman,Studio Specials,14.99,1523,3.5404
B00MK1RA4G,Masterpiece Mystery: Inspector Lewis 7,.,Blu-ray,9.97,1515,4.8211
0792151712,Titanic VHS,Leonardo DiCaprio,Paramount Home Entertainment,8.49,1514,4.2913
6303482295,Budapest VHS,Unknown,Movies,,1509,4.0013
B00DY64C8S,Game of Thrones - Season 4 2015,Unknown,Studio Specials,34.99,1506,4.7683
6303042503,X-Men: Days of Future Past 1 VHS,Unknown,Sci-Fi Series & Sequels,13.48,1503,4.5136
B019A3QMJA,Up TM 3/SD/EC,Ed Asner,Boxed Sets,36.97,1502,4.6831
B00C8CQRQ4,Game of Thrones: Season 3,Various,HBO,27.24,1496,4.7754
B00MI56U6S,The Hundred-Foot Journey,Helen Mirren,Blu-ray,9.5,1486,4.5734
788370091X,Finding Nemo (Mandarin Chinese Edition) [2 DVDs],Andrew Stanton,Genre for Featured Categories,,1477,4.7048
B00HSJ2CVQ,I'll Follow You Down,Haley Joel Osment,Independently Distributed,14.07,1466,3.6501
B00LY1YOGA,The Theory Of Everything 2015,Felicity Jones Eddie Redmayne,Genre for Featured Categories,7.7,1455,4.4694
B00EIPEQLW,All Is Lost 2013,Unknown,Movies,7.75,1449,3.4092
B00005JKZU,The Lord of the Rings - The Two Towers VHS,Elijah Wood,Studio Specials,,1446,4.6376
B008YV11JQ,Pitch Perfect,Unknown,Blu-ray,,1445,4.4131
B01BLH8R50,10 Cloverfield Lane,John Goodman,Paramount Home Entertainment,9.99,1419,3.8689
B004LWZWFQ,The Amazing Spider-Man,Andrew Garfield,Studio Specials,5.0,1414,4.0629
B001ED8QRQ,Mary Poppins (Fully Restored Limited Edition) (Walt Disney's Masterpiece) (Walt Disney Masterpiece Collection),Robert Stevenson,Walt Disney Studios Home Entertainment,,1413,4.7488
B00PH1H6TK,The Hunger Games: Mockingjay Part 1 2015,Unknown,Studio Specials,5.98,1407,4.2317
B0089LX8II,The Expatriate,Aaron Eckhart,Genre for Featured Categories,,1402,3.7932
B001UV4XIS,"HP7: Deathly Hallows, P2 (DVD)",Daniel Radcliffe,Characters & Series,,1401,4.5146
B00004Y56D,X-Men - Apocalypse - The Cure/Come The Apocalypse VHS,Unknown,Studio Specials,,1395,4.1505
B001GCUNYO,Taken,Liam Neeson,Studio Specials,8.39,1389,4.5061
B00BC36YWC,We're the Millers,Jason Sudeikis,Blu-ray,14.98,1385,4.1726
B00ANT85VY,Taken - Single-Disc Extended Cut,Liam Neeson,Blu-ray,,1384,4.5043
B00HW3EZZE,Barefoot Digital,J.K. Simmons,Studio Specials,9.99,1384,3.8302
B00H2FPY20,The Amazing Spider-Man 2 2014,Unknown,Studio Specials,5.98,1378,3.8832
B00BL1BIP8,Oz the Great &amp; Powerful anglais,James Franco,Blu-ray,22.53,1367,3.7783
B0087ITBT8,The Guilt Trip,Barbra Streisand,Paramount Home Entertainment,9.0,1367,3.5816
B005LAIHQS,Men in Black 3,Will Smith,Studio Specials,9.86,1365,4.3216
B00AAA62TI,Conjuring anglais,Vera Farmiga,Blu-ray,11.7,1365,4.3114
B00Q7WBGHG,Into The Woods,Meryl Streep,Musicals & Performing Arts,9.96,1364,3.4413
B00005IC54,The Boondock Saints,Willem Dafoe,Genre for Featured Categories,,1345,3.9792
B00AW9MB4W,Ender's Game,Unknown,Blu-ray,7.73,1342,3.9136
B0079JMM4W,Take Me Home,Sam Jaeger,Genre for Featured Categories,15.68,1341,4.0082
B01CUS6508,Take Me Home,Sam Jaeger,Blu-ray,19.99,1338,4.0067
6304233639,Independence Day VHS,Will Smith,Studio Specials,9.98,1334,4.3726
B000EULSR0,Deadwood: Season 2,Timothy Olyphant,HBO,20.0,1330,4.5053
B008OGIPJA,Silver Linings Playbook,Unknown,Blu-ray,7.47,1330,4.2752
B00S2LSA5G,Ex Machina 2015,Unknown,Blu-ray,11.43,1324,3.9026
B00EHK2S04,Elysium (Bilingual) [DVD + UltraViolet],Unknown,Movies,,1320,3.4636
B00JKE4SVE,A Million Ways to Die in the West 2014,Unknown,Movies,8.15,1318,3.4249
B00005JNJV,Batman Begins,Christian Bale,Science Fiction & Fantasy,,1315,4.5148
B004A8ZWVU,The Help,Emma Stone,Blu-ray,15.4,1304,4.7423
B00006NT1R,Six Feet Under - The Complete First Season VHS,Peter Krause,HBO,11.95,1304,4.3965
B00O2IZPD8,Cinderella,Unknown,Walt Disney Studios Home Entertainment,,1292,4.6184
B001P5I5ME,Lark Rise To Candleford - Series 1 anglais,Unknown,BBC,17.0,1290,4.6845
6303454038,Bubbe Meises Bubbe Stories VHS,Unknown,Genre for Featured Categories,3.0,1288,3.684
B005LAIGOQ,The Woman in Black,Daniel Radcliffe,Genre for Featured Categories,7.77,1287,3.7156
B00006JE59,Gatekeepers:for Tomorrow VHS,Unknown,Movies,,1282,4.4938
B00DHJT5Q6,The Book Thief,Unknown,Studio Specials,7.41,1278,4.6205
B0000DKMK0,Kill Bill: Volume 1,Uma Thurman,Genre for Featured Categories,,1277,4.1425
B00DHRLK84,World War Z,Brad Pitt,Paramount Home Entertainment,14.85,1273,4.0118
B00008YGRU,24: Season 2,Kiefer Sutherland,Boxed Sets,12.99,1266,4.628
B0090JB6DC,Identity Thief,Unknown,Blu-ray,6.77,1265,3.736
B0053O89YM,The Good Wife: Season 3,Julianna Margulies,Paramount Home Entertainment,8.4,1264,4.7017
B005LAJ1PE,American Horror Story: Season 1,Evan Peters,Studio Specials,14.6,1260,4.4008
6304176287,Willy Wonka &amp; the Chocolate Factory VHS,Gene Wilder,Studio Specials,,1258,4.7528
B009SCONXQ,Strike Back: Season 2,Various,HBO,99.98,1257,4.5187
7883706837,Wall-E (Mandarin Chinese Edition),Ben Burtt,Characters & Series,,1254,4.6124
B00BJ0RERM,Croods,Catherine Keener,Blu-ray,,1252,4.607
B000A59PMO,Veronica Mars: Season 1,Kristen Bell,Boxed Sets,32.74,1249,4.5925
B0046ZT40W,Downton Abbey,Dan Stevens,Blu-ray,15.56,1248,4.8221
B00QUFHWMS,Exodus,Unknown,Blu-ray,19.95,1243,3.0491
B002VWOMZ4,Lark Rise to Candleford: Season 2,Dawn French,BBC,26.97,1241,4.8195
B0000YTP02,Secondhand Lions,Michael Caine,Fully Loaded DVDs,,1238,4.8166
B004EPYZUS,Mission: Impossible Ghost Protocol,Tom Cruise,Paramount Home Entertainment,8.99,1230,4.2577
B004LWZW4M,Rise of the Planet of the Apes,James Franco,Studio Specials,7.5,1228,4.3941
B00DHJT200,The Secret Life of Walter Mitty 2013,Unknown,Studio Specials,6.74,1226,4.1827
B00683T5CW,Dark Shadows Region Free UK,Johnny Depp,Blu-ray,12.99,1223,3.8373
B0056IXS7S,Bridesmaids,Kristen Wiig,Studio Specials,11.0,1218,3.9417
B000A6T1X6,The Duchess of Duke Street - Series 1,Gemma Jones,BBC,59.94,1215,4.3259
B00VU4YPR4,Woman In Gold,Simon Curtis,Blu-ray,9.99,1214,4.6614
B00G2PA0ES,Jackass Presents: Bad Grandpa,Johnny Knoxville,Paramount Home Entertainment,9.78,1214,3.1087
0782010792,Christmas Collector's Pack The Bells of St. Mary's / It's a Wonderful Life,James Stewart,Boxed Sets,,1213,4.8491
B00GMV8M2Y,American Hustle,Christian Bale,Studio Specials,5.99,1208,3.7012
B001UV4XI8,"Harry Potter and the Deathly Hallows, Part 1 [Blu-ray]",Daniel Radcliffe,Characters & Series,15.0,1193,4.4778
6303212379,The Goonies Clamshell  VHS,Sean Astin,Studio Specials,,1191,4.6474
B00VMIWA3O,Outlander: Season One - Volume Two,Sam Heughan,Studio Specials,,1191,4.6348
B01723F80E,The Last Witch Hunter Digital,Vin Diesel,Studio Specials,7.97,1191,4.0218
B00KD5HFJG,God's Not Dead,Kevin Sorbo,Genre for Featured Categories,7.31,1190,4.4613
B00M0JU1XU,The Christmas Candle,John Hannah,Holidays & Seasonal,4.99,1187,4.3555
B00005PJ8O,Patton,George C. Scott,Studio Specials,8.96,1186,4.7319
6300246817,Patton VHS,George C. Scott,Studio Specials,1.48,1186,4.7319
B00FQY4C86,American Horror Story: Coven,Jessica Lange,Studio Specials,12.8,1186,4.3786
B000ZECQ08,Harry Potter and the Half-Blood Prince,Daniel Radcliffe,Characters & Series,19.98,1182,4.4061
B005S9ELG2,The Way,Emilio Estevez,First to Know,,1181,4.4632
B000QXDJLI,The Wire: Season 4,Dominic West,HBO,17.97,1180,4.7093
B01B2CX0LU,Zootopia,Ginnifer Goodwin,Walt Disney Studios Home Entertainment,18.97,1179,4.637
B00EV4F5TC,Lee Daniels' The Butler,Forest Whitaker,Blu-ray,12.69,1173,4.1884
B00395ATT0,Lark Rise To Candleford - Series 3 Region Free,Unknown,Blu-ray,24.7,1171,4.8369
B009AF5OY8,Lewis - Series 6 [NON-U.S.A. FORMAT: PAL + REGION 2 + U.K. IMPORT] (Complete Sixth Season - Original British Version - Inspector Lewis),Kevin Whately,Genre for Featured Categories,,1167,4.8509
B00VSG3MSC,Game of Thrones: Season 5,Various,HBO,24.99,1167,4.7344
B001KVZ6HK,Marvel's: The Avengers,Robert Downey Jr.,Blu-ray,52.84,1166,4.7118
B00FEP9PQG,Boardwalk Empire: Season 4,Steve Buscemi,HBO,26.64,1165,4.673
B004UXVEUS,Covert Affairs: Season 2,Piper Perabo,Genre for Featured Categories,11.99,1161,4.5151
B005LAII8K,Looper,Joseph Gordon-Levitt,Studio Specials,7.99,1158,3.8195
B00BLOKNVK,"Looper (Dvd,2012)",Unknown,Genre for Featured Categories,,1154,3.8172
B00KQTGWPC,Chef,Jon Favreau,Genre for Featured Categories,6.62,1151,4.3371
B0031RAOVY,Hachi: A Dog's Tale,Richard Gere,Studio Specials,5.99,1148,4.6742
B00NMF8SEK,Selma,David Oyelowo,Paramount Home Entertainment,8.87,1148,4.4042
B0002YLC1U,Carnivale: Season 1,Guy Chapman (II),HBO,19.0,1148,4.2282
B00FF9SKSK,Fast &amp; Furious 6,Vin Diesel,Studio Specials,28.98,1146,4.6082
B0092QDMQ2,True Blood: Season 5,Anna Paquin,HBO,24.15,1146,4.4974
B00A7MSQRK,Red Dawn,Chris Hemsworth,Studio Specials,9.96,1146,3.5419
B00005JKDR,"Monsters, Inc.",Billy Crystal,Walt Disney Studios Home Entertainment,7.47,1143,4.7839
B0009AK57Y,Doctor Who: The Complete First Series,Christopher Eccleston,Cult Movies,38801.5,1143,4.5477
B00X7SIALI,True Blood: Season 5,Various,HBO,26.36,1142,4.4974
B0177ZM3MI,The Big Short,Christian Bale,Paramount Home Entertainment,5.0,1138,4.3295
B00JVSF0T8,The Other Woman,Unknown,Studio Specials,7.8,1137,4.066
7883704591,The Incredibles (Mandarin Chinese Edition),Brad Bird,Walt Disney Studios Home Entertainment,,1136,4.7315
B00H9LHVHI,Labor Day,Kate Winslet,Paramount Home Entertainment,7.37,1136,4.1144
B00123BY6S,The Wire: Season 5,Dominic West,HBO,20.81,1134,4.6526
B00Y11WX90,Pan's Labyrinth - Limited Edition Mondo X Steelbook [Blu-ray - DVD],Unknown,Blu-ray,,1131,4.3864
B00003CXE6,Gladiator VHS,Russell Crowe,Paramount Home Entertainment,6.99,1128,4.4131
B00005JPA6,Pan's Labyrinth,Sergi Lpez,Science Fiction & Fantasy,19.95,1126,4.389
B00005JMFQ,Love Actually,Hugh Grant,Holidays & Seasonal,9.96,1121,4.2221
6305368201,You've Got Mail,Tom Hanks,Studio Specials,4.4,1119,4.6282
B004LWZW4C,X-Men: First Class,James McAvoy,Studio Specials,9.68,1118,4.4445
B00ZS21J6E,"Man from U.N.C.L.E., The (BD)",Henry Cavill,Blu-ray,13.06,1118,3.9383
B0021L8V1Q,Iron Man 2,Robert Downey Jr.,Paramount Home Entertainment,29.99,1117,4.3384
B001N26GFM,The Boy in the Striped Pajamas,Asa Butterfield,Studio Specials,16.99,1116,4.5681
B0002XVQSU,24: Season 3,Kiefer Sutherland,Boxed Sets,0.65,1113,4.6173
B001PMR2KS,The Boy in the Striped Pajamas,Unknown,Movies,23.99,1113,4.5651
B00UZJO7UA,Danny Collins,Al Pacino,Blu-ray,9.96,1112,4.0513
6302787068,Aladdin VHS  1995,Scott Weinger,Science Fiction & Fantasy,14.44,1109,4.7899
B000FTCLSU,The Wire: Season 3,Dominic West,HBO,25.87,1106,4.7224
B00005JO20,King Kong,Naomi Watts,Genre for Featured Categories,6.06,1104,4.0851
B00005JOX2,Lucky Number Slevin,Unknown,Movies,,1104,3.9964
B00AZKY0OW,Pain &amp; Gain,Unknown,Paramount Home Entertainment,6.93,1103,3.058
B000Y7ZBZS,24 - Season 7 2009 Kiefer Sutherland; Cherry Jones,Unknown,TV,13.97,1102,4.6842
B003R4ZMQI,Covert Affairs: Season One,Piper Perabo,Boxed Sets,16.99,1100,4.2391
B005LAII3U,Total Recall,Colin Farrell,Studio Specials,9.98,1097,3.6727
B0058YPKIA,Grimm,Unknown,Movies,,1095,4.5352
B002BYYA9A,Pan's Labyrinth [Blu-ray] [Blu-ray] (2009),Unknown,Art House & International,19.99,1095,4.3826
6302091632,Home Alone VHS,Macaulay Culkin,Studio Specials,14.4,1093,4.6633
B00A7ZH8GM,"Good Day To Die Hard, A",Unknown,Genre for Featured Categories,7.9,1092,3.598
0783225857,To Kill a Mockingbird,Gregory Peck,Studio Specials,17.69,1088,4.852
B0049P1ZZQ,The Walking Dead: Season 1,Andrew Lincoln,Blu-ray,14.81,1087,4.6348
B014TC60LC,Hotel Transylvania 2,Genndy Tartakovsky,Science Fiction & Fantasy,9.96,1083,4.6602
B00HUCF420,True Detective,Various,HBO,32.13,1083,4.5069
B005LAJ23A,The Walking Dead: Season 2,Andrew Lincoln,Blu-ray,13.0,1077,4.5989
6303142346,La Bella y La Bestia Beauty and the Beast  VHS,Paige O'Hara,Art House & International,,1074,4.811
7799146915,Star Wars: Episode III - Revenge of the Sith (Mandarin Chinese Edition),Ewan McGregor,Science Fiction & Fantasy,,1073,4.0624
6300215695,White Christmas VHS,Bing Crosby,Musicals & Performing Arts,9.49,1071,4.8385
B00AZMFONG,Stand Up Guys,Al Pacino,Genre for Featured Categories,,1071,3.7115
B00L16P1QU,Words &amp; Pictures,Lam Ching-Ying,Studio Specials,14.99,1069,4.1366
B00003CXKT,Test Big Data 1737,Unknown,Movies,,1069,3.7315
B014LIIYPY,War Room,Priscilla Shirer,Studio Specials,7.5,1068,4.8165
B004QOB8SO,Sherlock: Season 2,Benedict Cumberbatch,BBC,17.99,1068,4.7865
B00N8JIGT2,TYLER PERRY'S A MADEA CHRISTMAS,Tyler Perry,Studio Specials,7.97,1068,4.3371
B00J9BZOXY,Jersey Boys 2014,Unknown,Studio Specials,16.71,1067,4.2699
B00NJ4U5U4,Grimm: Season Four,David Giuntoli,Boxed Sets,22.51,1063,4.7281
6305828075,Thunderbolt: P-47 Fighter Bombers in Action Over Europe VHS,Unknown,Genre for Featured Categories,,1063,4.0263
B001UHOWX8,White Christmas,Bing Crosby,Holidays & Seasonal,,1059,4.8395
B00DHJSXLY,Philomena,Unknown,Studio Specials,54.05,1057,4.508
B004OC006Y,Sherlock Holmes - A Game Of Shadows Edizione: Regno Unito  ITA italien,Unknown,Blu-ray,11.99,1056,4.3456
B00003OSTA,Ben-Hur VHS,Charlton Heston,Studio Specials,2.65,1054,4.7552
B00000K3AM,Saving Private Ryan VHS,Tom Hanks,Paramount Home Entertainment,2.44,1053,4.6657
B004A8ZWUQ,Pirates of the Caribbean: On Stranger Tides,Johnny Depp,Fully Loaded DVDs,8.32,1050,4.2705
B014GQ8118,The Transporter Refueled,Unknown,Blu-ray,15.18,1050,3.5695
B009NNMAZI,White House Down,Channing Tatum,Studio Specials,,1045,4.0976
6305836663,Yosemite: Ascending Rhythm,Unknown,Genre for Featured Categories,9.95,1045,3.7005
B00UI5CU6Y,"McFarland, USA",Kevin Costner,Walt Disney Studios Home Entertainment,5.99,1043,4.7277
B00005JLWN,Equilibrium,Christian Bale,Science Fiction & Fantasy,9.33,1043,3.5781
B018FK66TU,Star Wars: The Force Awakens,Harrison Ford,Science Fiction & Fantasy,21.99,1040,4.4962
B003UESJHE,The King's Speech,Colin Firth,Blu-ray,5.0,1038,4.6012
B000M341QE,The Departed,Leonardo DiCaprio,Genre for Featured Categories,7.18,1038,4.2794
B0013FSL0C,In Treatment: Season 1,Gabriel Byrne,HBO,21.99,1038,4.1118
B0000VCZK2,Alien: Quadrilogy (Alien / Aliens / Alien 3 / Alien Resurrection),Sigourney Weaver,Studio Specials,29.99,1036,4.7249
B001DXBUCA,Mummy: Tomb of the Dragon Emperor,Brendan Fraser,Blu-ray,12.5,1036,4.0975
B00WAJ8RBI,Tomorrowland,George Clooney,Walt Disney Studios Home Entertainment,6.99,1036,3.8436
B00003CXR1,Chocolat,Unknown,Movies,,1035,4.4976
B00004D2X8,The Mummy,Brendan Fraser,Genre for Featured Categories,9.96,1035,4.0966
B003UMW69I,The Proposal,Sandra Bullock,Blu-ray,9.96,1026,4.4834
B001KVZ6ES,Gran Torino,Clint Eastwood,Studio Specials,8.09,1025,4.6302
B009AMAOTQ,Last Vegas,Robert De Niro,First to Know,,1024,4.1982
B00BEJL6JK,300: Rise of an Empire,Sullivan Stapleton,Fully Loaded DVDs,,1023,3.7263
B001FB55JO,Defiance [Blu-ray],Daniel Craig,Paramount Home Entertainment,13.24,1022,4.409
B0006H328E,Teenage Mutant Ninja Turtles: City At War - Volume14,Unknown,Genre for Featured Categories,,1022,3.9178
B0064YON8G,Anglais Hugo,Martin Scorsese,Blu-ray,19.45,1019,4.2915
B0067EKYS6,The Great Gatsby 2013,Leonardo DiCaprio,Studio Specials,,1019,3.7056
B0012RLXAG,Country Remedy,Cameron Bancroft,Genre for Featured Categories,7.12,1018,4.0029
B004BDOF1C,Cowboys &amp; Aliens,Daniel Craig,Paramount Home Entertainment,9.01,1017,4.0924
B007REV4LQ,Seven Psychopaths,Tom Waits,Studio Specials,7.17,1016,3.6339
B00SFRHKAI,Son of a Gun,Brenton Thwaites,Studio Specials,14.39,1014,3.4961
B00003RQND,The X-Files - The Complete First Season,David Duchovny,Studio Specials,49.99,1013,4.6545
B0001Z3TS4,Sherlock Holmes,*,Boxed Sets,9.99,1007,4.2026
B00005JPXY,Cloverfield Theatrical Release,Unknown,Movies,,999,3.3594
6302168465,The Day the Earth Stood Still VHS,Michael Rennie,Studio Specials,7.77,998,4.7495
B0007P14OE,24 - Season 4 2005 Keifer Sutherland; William Devane; Kim Raver,Unknown,TV,44.45,997,4.7001
6305265496,Ever After - A Cinderella Story VHS,Drew Barrymore,Spanish Language,,996,4.6456
B000E5KJDE,Twister,Helen Hunt,Studio Specials,,996,4.4468
B004BDOEZO,Transformers 3: Dark of the Moon,Shia LaBeouf,Blu-ray,13.99,996,4.0472
B00560317S,Masterpiece Mystery: Inspector Lewis 4,Kevin Whately,Blu-ray,15.67,994,4.828
B00006ZXSK,Ever After - A Cinderella Story,Drew Barrymore,Studio Specials,7.99,994,4.6469
B00OZJ2Y38,Nightcrawler anglais,Unknown,Blu-ray,10.35,994,3.997
B0002NY8PI,The Andy Griffith Show - The Complete First Season,Andy Griffith,Paramount Home Entertainment,24.12,993,4.8781
B015S4DS1K,Gran Torino,Bee Vang,Blu-ray,8.34,992,4.6361
B002MZZMRM,Inglourious Basterds [Region Free] [UK Import],Unknown,Blu-ray,12.37,991,3.9899
6303921248,Jane Austen's Pride and Prejudice Six Piece Collector's VHS,Colin Firth,A&E Home Video,23.99,987,4.767
0792158202,Indiana Jones: Raiders of the Lost Ark VHS,Harrison Ford,Paramount Home Entertainment,,986,4.7241
B00CMHL3GY,Finding Dory,Ellen DeGeneres,First to Know,,986,4.4757
B00005JMAH,Harry Potter and the Prisoner of Azkaban,Daniel Radcliffe,Characters & Series,7.34,984,4.3669
B005LAIIFS,Rise of the Guardians: Easter Gift Set,Chris Pine,Science Fiction & Fantasy,40.67,981,4.632
B005LAIHZE,Abraham Lincoln: Vampire Hunter,Benjamin Walker,Studio Specials,11.75,980,3.8367
B005LAIHUO,Jack the Giant Slayer,Nicholas Hoult,Studio Specials,,977,4.1013
B00683T5L8,Jack the Giant Slayer,Unknown,Blu-ray,,976,4.1035
B012DWS874,Pixels,Lainie Kazan,Studio Specials,13.7,976,4.0789
6303212395,The NeverEnding Story VHS,Noah Hathaway,Studio Specials,18.1,975,4.4749
B00Q5NNMEW,"The 100-Year-Old Man Who Climbed Out the Window and Disappeared ( Hundra&aring;ringen som klev ut genom f&ouml;nstret och f&ouml;rsvann ) ( The One Hundred-Year- [ NON-USA FORMAT, PAL, Reg.2 Import - United Kingdom ]",Jens Hultn,Movies,,973,4.1912
0788814664,Good Will Hunting,Robin Williams,Studio Specials,16.65,967,4.636
B00DRDBTT8,Sherlock - Series 3,Benedict Cumberbatch,Blu-ray,22.98,966,4.6594
B00BEIYNDW,2 Guns,Denzel Washington,Blu-ray,7.94,964,4.0996
B00005JPI2,Harry Potter and the Order of the Phoenix,Daniel Radcliffe,Characters & Series,7.23,963,4.4278
B0007TKH66,Star Trek Enterprise - The Complete First Season,Scott Bakula,Paramount Home Entertainment,16.98,962,4.4636
B00ZR3W40E,2 Guns,Denzel Washington,Blu-ray,9.97,962,4.0915
7883685635,Cars (Mandarin Chinese Edition),Andrew Jimenez,Genre for Featured Categories,,960,4.676
630442972X,The Magnificent Seven VHS,Yul Brynner,Art House & International,3.89,960,4.6417
B00VSE0IMM,"Longest Ride, The",Britt Robertson,Fully Loaded DVDs,7.4,959,4.4724
B001HN6940,Alice in Wonderland [Blu-ray],Johnny Depp,Fully Loaded DVDs,25.0,959,4.3128
B00127RAH6,Five Days,Various,HBO,,956,3.7971
B00D2ZF24O,After Earth,Jaden Smith,Studio Specials,5.99,951,3.3733
B000GYI3PY,Mrs. Palfrey at the Claremont,Joan Plowright,Genre for Featured Categories,17.77,950,4.4926
6300213986,Airplane VHS,Robert Hays,Paramount Home Entertainment,,950,4.4579
B000NQRE9Q,Indiana Jones: The Complete Adventures (Raiders of the Lost Ark / Temple of Doom / Last Crusade / Kingdom of the Crystal Skull),Harrison Ford,Paramount Home Entertainment,34.96,948,4.7584
B00364K7AU,The Blind Side L'Eveil d'un champion,Sandra Bullock,Studio Specials,49.99,944,4.8008
B00O1D37NO,November Man,Catarina Scorsone,Studio Specials,6.27,944,3.9343
1562550888,Dances with Wolves (VHS 8768),Unknown,Genre for Featured Categories,7.99,942,4.6868
B004HO6I4M,Rio,Jesse Eisenberg,Studio Specials,4.0,942,4.5987
B00J5JSV3A,Transcendence,Johnny Depp,Genre for Featured Categories,,941,3.6684
B0095HHM78,Cloud Atlas,Unknown,Blu-ray,,939,3.7465
B000E6EK3S,Harry Potter and the Goblet of Fire,Eric Sykes,Characters & Series,9.99,937,4.3853
B01H2JPTDO,Game of Thrones: The Complete 6th Season,Various,HBO,31.99,936,4.7297
B00003CXRM,"O Brother, Where Art Thou?",George Clooney,Walt Disney Studios Home Entertainment,3.74,935,4.5829
7799144076,Planes (Mandarin Chinese Edition),Unknown,Walt Disney Studios Home Entertainment,19.9,935,4.3626
B00IKM5MIA,Enemy Digital,Joshua Peace,Studio Specials,9.96,935,2.5401
B00JA3RPAG,3 Days to Kill,Tomas Lemarquis,Studio Specials,7.88,934,3.757
B00M0GMBMC,Outlander,Unknown,Movies,,932,4.5794
B004EPZ07K,Green Lantern,Ryan Reynolds,Studio Specials,,932,3.823
B005MYEQ4U,Midnight in Paris,Kathy Bates,Studio Specials,9.94,931,4.3265
0800141660,Sense &amp; Sensibility,Emilie Francois,Holidays & Seasonal,9.96,930,4.7699
B0051MKMNC,Limitless,Bradley Cooper,Studio Specials,8.97,930,4.386
B003A8FET6,The Book of Eli,Unknown,Blu-ray,,928,4.3438
B0000E2PVR,Curb Your Enthusiasm: Season 1,Jason Alexander,HBO,23.99,927,4.0917
B01AHWLX2O,King Kong (The Huntsman: Winter's War Fandango Cash Version) [Blu-ray],Unknown,Blu-ray,,925,4.0843
B00068NVMK,The Twilight Zone: Season 1,Rod Serling,Science Fiction & Fantasy,59.98,924,4.6981
B00005JM5E,Pirates of the Caribbean: The Curse of the Black Pearl,Johnny Depp,Walt Disney Studios Home Entertainment,7.29,919,4.5234
B00SJC9WV4,Still Alice anglais,Julianne Moore,Blu-ray,11.59,915,4.4568
B001GKJ2DY,Mamma Mia! The Movie (Widescreen),Meryl Streep,Musicals & Performing Arts,6.97,915,4.2852
B00LG7VWIA,America: Imagine a World without Her,Graveto,Genre for Featured Categories,9.99,914,4.4967
B00CWM7EPS,Epic,Colin Farrell,Studio Specials,8.87,910,4.4385
B00JLC57OW,The Fault In Our Stars,Unknown,Movies,9.3,908,4.5716
B00EZQOLKA,Tammy 2014  Region Free,Unknown,Studio Specials,,906,3.5287
B00R8KIJ3U,Song of the Sea ( Bilingual Packaging ),David Rawle,Genre for Featured Categories,9.98,902,4.6375
B001FB55H6,Watchmen,Billy Crudup,Studio Specials,9.95,902,4.0654
B004EPYZP8,The Lincoln Lawyer,Marisa Tomei,Studio Specials,4.0,901,4.4872
6303574289,"Star Trek - The Next Generation, Episode 74: The Best Of Both Worlds, Part I VHS",LeVar Burton,Paramount Home Entertainment,7.75,901,4.4717
B00UARSZXC,The Legend of Longwood,Lorcan Bonner,Genre for Featured Categories,6.69,901,3.9001
B002BWP2IK,Warehouse 13: Season One,Eddie McClintock,Studio Specials,9.99,900,4.2511
B009AMAK54,Trouble with the Curve,Clint Eastwood,Studio Specials,,896,4.4241
B00L4K3MLE,Transformers: Age of Extinction,Mark Wahlberg,Paramount Home Entertainment,9.99,895,4.1117
B0001WTWDI,The Station Agent,Peter Dinklage,Studio Specials,7.8,895,4.0045
B0090JBFE2,R.I.P.D. Brigade fant&ocirc;me Region B  Sous-titres fran&ccedil;ais,Unknown,Blu-ray,15.99,893,3.7615
B004K4FUUC,Lark Rise to Candleford: Season 4,Ben Aldridge,BBC,15.45,889,4.7559
B00GJFX8TA,Escape Plan,Unknown,Blu-ray,,889,4.0889
B01CP0Q8S0,Allegiant 2016,Unknown,Blu-ray,13.74,889,4.0551
B006ZL84EW,Endeavour Region 2,John Light,Genre for Featured Categories,5.94,888,4.6577
B00527QY88,Whitechapel - Series 3 Region 2  UK,"Philip Davis, Alex Jennings Rupert Penry-Jones",Genre for Featured Categories,29.48,888,4.5653
630574999X,THE SIXTH SENSE,Unknown,Movies,7.0,885,4.5356
630573240X,The Sixth Sense VHS,Bruce Willis,Genre for Featured Categories,0.92,885,4.5356
B019WMTX72,Brooklyn,Domhnall Gleeson,Studio Specials,7.5,884,4.5034
B0072GPQNG,War Horse,Jeremy Irvine,Paramount Home Entertainment,8.96,884,4.4095
B00005JPNO,Transformers,Shia LaBeouf,Science Fiction & Fantasy,8.99,883,4.1653
B015S4DRZW,Watchmen,Malin Akerman,Blu-ray,,883,4.043
6303122647,Tim Burton's The Nightmare Before Christmas VHS,Danny Elfman,Science Fiction & Fantasy,15.99,881,4.706
B005FITIGO,Margin Call,Kevin Spacey,Studio Specials,7.38,877,3.943
B000067S1H,The Sopranos - The Complete Third Season VHS,James Gandolfini,HBO,18.25,875,4.7783
B00JBBJJ4C,snowpiercer (2 blu-ray) blu_ray Italian Import,Unknown,Blu-ray,,870,3.5241
6303049079,Mrs Doubtfire VHS,Robin Williams,Studio Specials,,869,4.7089
B00PV09C3U,Survivor,Kevin Sorbo,Science Fiction & Fantasy,,864,2.9722
B0001KL60C,Dr. Seuss: The Lorax,Unknown,Movies,,861,4.4657
B00J9PVE2A,"Still Life NON-USA FORMAT, PAL, Reg.0 Italy",Eddie Marsan,Genre for Featured Categories,,861,3.6702
B0067EKY7M,Salmon Fishing in the Yemen,Amr Waked,Studio Specials,8.14,860,4.2651
B001OQCV2E,2012,John Cusack,Studio Specials,5.99,860,3.7674
B001L57ZZG,The Duchess,Ralph Fiennes,Paramount Home Entertainment,13.07,859,4.1362
6305499365,Office Space VHS,Ron Livingston,Studio Specials,3.89,858,4.486
B001BYLFDA,Office Space (Two-Disc Special Edition + Digital Copy),Unknown,Studio Specials,,858,4.4848
B00EJFEN50,"The Escape Artist Set NON-USA FORMAT, PAL, Reg.2 United Kingdom",David Tennant,BBC,19.95,858,4.3904
B000A3XY5A,Crash,Don Cheadle,Studio Specials,6.59,858,3.8823
B00005JNTU,Fantastic Four,Ioan Gruffudd,Studio Specials,7.99,856,3.7605
B00OUF232O,Dying of The Light,Unknown,Blu-ray,,856,3.4171
B016BSPTZA,Learning to Drive,Ben Kingsley,Independently Distributed,7.97,855,4.1427
B00H7LJ2UO,August: Osage County,Meryl Streep,Genre for Featured Categories,7.5,854,3.6007
B00IRD8JJ6,The Zero Theorem 2014,Unknown,Studio Specials,7.58,854,2.8314
6304500831,The Jungle Book Fully Restored 30th Anniversary VHS,Phil Harris,Musicals & Performing Arts,5.96,851,4.7474
B00HLTD6E0,Seventh Son,Ben Barnes,Studio Specials,,850,3.6529
B005LAIIMG,World War Z,Brad Pitt,Paramount Home Entertainment,8.99,849,4.0542
B004MKMQJW,I am Number Four anglais,Unknown,Genre for Featured Categories,,847,4.0626
B00Q8KCS60,Predestination,Ethan Hawke,Studio Specials,,846,3.8582
0792842111,The Silence of the Lambs VHS,Jodie Foster,Studio Specials,2.44,843,4.7248
B000MGB6N2,The Silence of the Lambs,Jodie Foster,MGM Home Entertainment,8.99,843,4.7248
6301773551,"Star Wars - Episode IV, A New Hope VHS",Mark Hamill,Studio Specials,,843,4.1898
6304401132,Sleeping Beauty Fully Restored Walt Disney's Masterpiece  VHS,Mary Costa,Art House & International,7.98,842,4.709
B00005YUO1,Conspiracy,Kenneth Branagh,HBO,5.89,842,4.3159
B004R67RC2,Love's Kitchen,Claire Forlani,Independently Distributed,9.99,841,3.6623
0790729644,Unforgiven Snap Case,Clint Eastwood,Studio Specials,15.0,840,4.5298
B00JPFTW1E,Tyler Perry's The Single Moms Club Digital,Wendi McLendon-Covey,Studio Specials,7.99,835,4.1329
7883704559,Toy Story (Mandarin Chinese Edition),John Lasseter,Genre for Featured Categories,19.95,833,4.8403
0788802194,Cinderella Walt Disney's Masterpiece  VHS,Ilene Woods,Science Fiction & Fantasy,15.98,833,4.7611
B00SHJLVWM,What We Do in the Shadows,Jemaine Clement,Blu-ray,9.98,833,4.3181
B00005JMJ4,Lost in Translation,Bill Murray,Studio Specials,8.05,832,3.5901
B00005JPTK,I Am Legend,Will Smith,Studio Specials,19.99,829,3.9107
B0009WK5CW,The Bourne Identity,Franka Potente,Studio Specials,,828,4.2681
B008CFZQQS,Girls: Season 1,Various,HBO,16.32,828,3.2669
B009NNM9OA,42,Chadwick Boseman,Genre for Featured Categories,,827,4.5973
6305480869,Payback VHS,Mel Gibson,Paramount Home Entertainment,,825,4.0352
B00DHB419U,Percy Jackson: Sea of Monsters,Unknown,Blu-ray,,823,4.1689
B00BGI07NK,Veep: S2 (DVD),Various,HBO,19.98,823,4.0741
B000EBCJN6,24 - Season 5 2006 Kiefer Sutherland; Carlos Bernard; Kim Raver,Unknown,Genre for Featured Categories,12.81,821,4.7783
B001HN68ZU,Fireproof [Blu-ray],Kirk Cameron,Studio Specials,14.04,821,4.6663
0792102320,In Harm's Way VHS,John Wayne,Studio Specials,13.97,820,4.628
0767834739,Resident Evil: Apocalypse,Milla Jovovich,Studio Specials,19.49,820,3.8598
B00003CXXI,Shrek VHS,Mike Myers,Science Fiction & Fantasy,,819,4.5739
B00005JL3T,Signs,Mel Gibson,Science Fiction & Fantasy,4.99,819,3.9145
0783112750,When Trumpets Fade VHS,Ron Eldard,Studio Specials,9.99,819,3.8694
B00MO21WAY,Masterpiece: Downton Abbey Season 5,"Laura Carmichael, Michelle Dockery, Maggie Smith, Jim Carter Hugh Bonneville",Independently Distributed,16.71,818,4.8888
6302320488,The Quiet Man VHS,John Wayne,Studio Specials,,818,4.7408
B00000F5OT,The Quiet Man,Maureen O'Hara,Movies,7.99,818,4.7408
B000BYRCR4,Resident Evil - Apocalypse,Thomas Kretschmann,Studio Specials,14.94,818,3.8619
B00TQ4PBBO,Escobar: Paradise Lost 2014  NON-USA FORMAT Reg.B Spain,Benicio Del Toro,Blu-ray,,818,3.7971
B0007CNXUK,Finding Neverland,Johnny Depp,Studio Specials,10.98,817,4.4259
0783239408,Belleza Americana American Beauty  VHS,Kevin Spacey,Paramount Home Entertainment,,814,4.1622
B00FDJGL6A,Strike Back: Season 3,Richard Armitage,HBO,21.99,813,4.5707
B004LWZVZM,The Conspirator,James McAvoy,Fully Loaded DVDs,9.8,812,4.1675
B00005K3OI,Someone Like You,Ashley Judd,Studio Specials,7.87,812,3.8522
B000VWE5OY,Torchwood: Season 1,John Barrowman,BBC,14.55,809,3.9493
B000VKL6Z2,Halloween,Tyler Mane,Fully Loaded DVDs,5.99,809,3.6489
B00HEPCRLE,Homefront,Jason Statham,Blu-ray,9.54,808,4.2438
B011LW42W2,The Cokeville Miracle,Jasen Wade,Genre for Featured Categories,9.61,807,4.2875
B0090JBAPG,About Time,Rachel McAdams,Blu-ray,12.87,806,4.3983
B001FBV55W,Constantine [Blu-ray] [Blu-ray] (2008),Keanu Reeves,Blu-ray,21.88,805,4.1106
B0009KA7BS,Constantine,Keanu Reeves,Studio Specials,12.99,805,4.1093
B00005V7CT,Gosford Park,Maggie Smith,Genre for Featured Categories,,805,4.0398
B0000640VO,Amelie,Audrey Tautou,Studio Specials,6.4,802,4.5661
